itlbo,mode,moea_d,nsga_ii
0.0,0.372,0.349,0.726
0.012999999999999998,0.0,0.772,0.030000000000000006
0.012999999999999998,0.6839999999999999,0.0,0.030000000000000006
0.266,0.3949999999999999,0.37,0.0
