itlbo,mode,moea_d,nsga_ii
0.0,0.307,0.34,0.825
0.003,0.0,0.755,0.003
0.003,0.769,0.0,0.003
0.26999999999999996,0.3480000000000001,0.37300000000000005,0.0
