itlbo,mode,moea_d,nsga_ii
0.0,0.3755555555555556,0.32999999999999996,0.0
0.0,0.0,0.9200000000000002,0.0
0.0,0.37222222222222223,0.0,0.0
1.0,0.9533333333333334,0.9788888888888887,0.0
